level,code,count,title,category,description
letter,C,1530,All C Programs,Multiple,Combined entries for all C activity codes
letter,D,34241,All D Programs,Multiple,Combined entries for all D activity codes
letter,E,9,All E Programs,Multiple,Combined entries for all E activity codes
letter,F,62641,All F Programs,Multiple,Combined entries for all F activity codes
letter,G,2326,All G Programs,Multiple,Combined entries for all G activity codes
letter,H,117,All H Programs,Multiple,Combined entries for all H activity codes
letter,I,13137,All I Programs,Multiple,Combined entries for all I activity codes
letter,K,146912,All K Programs,Multiple,Combined entries for all K activity codes
letter,L,4819,All L Programs,Multiple,Combined entries for all L activity codes
letter,M,8480,All M Programs,Multiple,Combined entries for all M activity codes
letter,N,17089,All N Programs,Multiple,Combined entries for all N activity codes
letter,O,763,All O Programs,Multiple,Combined entries for all O activity codes
letter,P,477332,All P Programs,Multiple,Combined entries for all P activity codes
letter,R,1550357,All R Programs,Multiple,Combined entries for all R activity codes
letter,S,22556,All S Programs,Multiple,Combined entries for all S activity codes
letter,T,180620,All T Programs,Multiple,Combined entries for all T activity codes
letter,U,373959,All U Programs,Multiple,Combined entries for all U activity codes
letter,Z,129031,All Z Programs,Multiple,Combined entries for all Z activity codes
full,C06,1530,Research Facilities Construction Grant,Construction and Modernization,"To provide matching Federal funds, up to 75%, for construction or major remodeling, to create new research facilities. In addition to basic research laboratories this may include, under certain circumstances, animal facilities and/or limited clinical facilities where they are an integral part of an overall research effort."
full,D15,44,Unknown Program,Unknown,No program description available
full,D28,24,Unknown Program,Unknown,No program description available
full,D31,6,Unknown Program,Unknown,No program description available
full,D33,46,Unknown Program,Unknown,No program description available
full,D43,6917,International Research Training Grants,Research Training and Career Development,To support research training programs for US and foreign professionals and students to strengthen global health research and international research collaboration. 
full,D71,40,International Research Training Planning Grant,Research Training and Career Development,To plan for the preparation of an application for a D43 international research training grant or for a U2R international research training cooperative agreement.
full,DP1,7235,NIH Director’s Pioneer Award (NDPA),Research and Development,To support individuals who have the potential to make extraordinary contributions to medical research. The NIH Director’s Pioneer Award is not renewable.
full,DP2,15917,NIH Director’s New Innovator Awards,Research and Development,To support highly innovative research projects by new investigators in all areas of biomedical and behavioral research.
full,DP3,880,Type 1 Diabetes Targeted Research Award,Research and Development,To support research tackling major challenges in type 1 diabetes and promoting new approaches to these challenges by scientific teams.
full,DP4,30,NIH Director’s Pathfinder Award - Multi-Yr Funding ,Research and Development,"To support multi-year funded research with unique, high impact ideas for addressing biomedical research including assuring a balanced and effective workforce.  This research grant program will encourage exceptionally creative scientists to develop potentially transforming approaches for supported research.  The proposed research must reflect ideas that are substantially different from those already being pursued or they must apply existing research designs in new and innovative ways.  This is a multi-year, funded companion activity code to the existing Pioneer Award (DP1); thus ICs need OER prior approval to use the DP4."
full,DP5,3062,Early Independence Award,Research Training and Career Development,To support the independent research project of a recent doctoral degree recipient. This research grant program will encourage exceptionally creative scientists to bypass the typical post-doc research training period in order to move rapidly to research independence.  It will encourage institutions to develop independent career tracks for recent graduates in order to demonstrate the benefits of early transition to independence both in terms of career productivity for the candidate and research capability for the institution.
full,DP7,40,NIH Director’s Workforce Innovation Award,Research Training and Career Development,To stimulate transformative approaches to training and/or workforce management with the intent of promoting culture change in the field of biomedical training.
full,E11,9,Grants for Public Health Special Projects,,"To provide grants to public or nonprofit organizations for planning, development, demonstration, research, training, public information projects for preventive medicine, health promotion and disease prevention to improve the health of targeted populations."
full,F01,22,Unknown Program,Unknown,No program description available
full,F02,16,Unknown Program,Unknown,No program description available
full,F03,33,Unknown Program,Unknown,No program description available
full,F05,1467,International Research Fellowships (FIC),Research Training and Career Development,To provide collaborative research opportunities for qualified non-immigrant alien scientists who hold a doctoral degree or its equivalent in one of the biomedical or behavioral sciences.
full,F06,5690,Unknown Program,Unknown,No program description available
full,F07,288,Unknown Program,Unknown,No program description available
full,F11,22,Unknown Program,Unknown,No program description available
full,F15,200,Unknown Program,Unknown,No program description available
full,F20,912,Unknown Program,Unknown,No program description available
full,F22,927,Unknown Program,Unknown,No program description available
full,F30,5651,Individual Predoctoral NRSA for M.D./Ph.D. Fellowships,Research Training and Career Development,Individual fellowships for predoctoral training which leads to the combined M.D./Ph.D. degrees.
full,F31,13807,Predoctoral Individual National Research Service Award,Research Training and Career Development,"To provide predoctoral individuals with supervised research training in specified health and health-related areas leading toward the research degree (e.g., Ph.D.)."
full,F32,32892,Postdoctoral Individual National Research Service Award,Research Training and Career Development,To provide postdoctoral research training to individuals to broaden their scientific background and extend their potential for research in specified health-related areas.
full,F33,74,National Research Service Awards for Senior Fellows,Research Training and Career Development,"To provide opportunities for experienced scientists to make major changes in the direction of research careers, to broaden scientific background, to acquire new research capabilities, to enlarge command of an allied research field, or to take time from regular professional responsibilities for the purpose of increasing capabilities to engage in health-related research."
full,F34,38,Unknown Program,Unknown,No program description available
full,F35,2,Unknown Program,Unknown,No program description available
full,F38,2,Applied Medical Informatics Fellowships,Research Training and Career Development,"To provide opportunities for scientists to make major changes in the direction of research careers for the purpose of engaging in the synthesis, organization, and management of knowledge."
full,F99,588,Predoctoral to Postdoctoral Fellow Transition Award,Research Training and Career Development,To support the Pre-doctoral Phase of a Pre-doctoral to Post-doctoral transition award that provides 1-2 years of predoctoral support for highly motivated graduate students. The F99 activity code is intended to only be used in conjunction with a K00 Award
full,FI2,10,Intramural Postdoctoral Research Associate,Research Training and Career Development,To provide postdoctoral research training to individuals in the NIH or FDA intramural research programs to broaden their scientific background and extend their potential for research in specified health-related areas.
full,G01,24,Unknown Program,Unknown,No program description available
full,G08,56,Resources Project Grant (NLM),Research and Development,A grant available to health-related institutions to improve the organization and management of health related information using computers and networks.
full,G11,45,Extramural Associate Research Development Award (EARDA),Research and Development,To provide funds to institutions eligible to participate in the NIH Extramural Associates Program for establishing or enhancing an office of sponsored research and for other research infrastructure needs.
full,G12,1826,Research Centers in Minority Institutions Award,,To assist predominantly minority institutions that offer the doctorate in the health professions and/or health-related sciences in strengthening and augmenting their human and physical resources for the conduct of biomedical research.
full,G13,89,Health Sciences Publication Support Awards (NLM),Research and Development,"To provide short-term assistance for the preparation of book-length manuscripts about important scientific information needed by U.S. health professionals. Grants are awarded for major critical reviews and analyses of historical studies and current developments in informatics, technology, librarianship, and secondary reference materials in the biomedical field.  Publication in formats other than print-on-paper (e.g., electronic, film, etc.) are encouraged, as are new and innovative ways of organizing and presenting information. Publication grants do not support journals or other serials and are not suitable for operation of established databases. Work judged to have significant commercial viability will not be supported by these grants. "
full,G20,286,"Grants for Repair, Renovation and Modernization of Existing Research Facilities ",Construction and Modernization,"To provide funds for major repair, renovation, and modernization of existing research facilities.  These facilities may be the clinical research facilities, animal research facilities, and other related research facilities."
full,H01,1,Unknown Program,Unknown,No program description available
full,H23,12,Immunization Program,,"Provides financial assistance to public agencies for the purposes of planning, developing, implementing, and studying
immunization programs to control serious diseases for which effective immunizing agents are available.
"
full,H25,14,Venereal Disease Control,,"Provides financial assistance to public agencies for the purpose of planning, developing, implementing, and studying venereal disease control programs to inhibit the spread of venereal disease throughout the country."
full,H62,2,Services or Education on AIDS,,"Provides financial assistance to public and non-profit private entities for information and education programs on the Acquired Immune Deficiency Syndrome, and for diagnostic, prevention, and control services of AIDS."
full,H75,20,Health Investigations/Assessments of Control/Preven. Methods,,"Provides financial assistance to States or local governments or other health-related organizations, to perform special investigations of communicable diseases and other preventable health conditions, or to research and evaluate methods of preventing disease or controlling health conditions."
full,H79,40,Mental Health and/or Substance Abuse Services Grants,,To support services and other activities for the prevention and/or treatment of mental illness and/or substance abuse disorders and/or for the promotion of health.
full,H84,10,Unknown Program,Unknown,No program description available
full,H87,16,Unknown Program,Unknown,No program description available
full,HS6,2,Unknown Program,Unknown,No program description available
full,I01,9909,Non-HHS Research Projects,Research and Development,"To support research projects of non-DHHS entities.  For the VA, this will be used for intramural research projects."
full,I21,256,Unknown Program,Unknown,No program description available
full,I50,106,Unknown Program,Unknown,No program description available
full,IK1,18,Unknown Program,Unknown,No program description available
full,IK2,1848,Unknown Program,Unknown,No program description available
full,IK3,4,Non-DHHS Nursing Research Initiative,Research Training and Career Development,"To provide research and salary support for a supervised/mentored career development experience for nurses.  Awards are not renewable, nor are they transferable from one principal investigator to another. "
full,IK4,4,Unknown Program,Unknown,No program description available
full,IK6,913,Unknown Program,Unknown,No program description available
full,IP1,68,Unknown Program,Unknown,No program description available
full,IS1,11,Unknown Program,Unknown,No program description available
full,K00,611,Post-doctoral Transition Award,Research Training and Career Development,To support the second phase of a Pre-Doctoral to Post-Doctoral Transition award program that provides 3-4 years of career support. Note: The K00 Post-doctoral Transition Award is anticipated to only be used in conjunction with the F99 Pre-Doctoral Award.
full,K01,25462,Research Scientist Development Award - Research & Training,Research Training and Career Development,"For support of a scientist, committed to research, in need of both advanced research training and additional experience."
full,K02,2529,Research Scientist Development Award - Research,Research Training and Career Development,"For support of a scientist, committed to research, in need of additional experience."
full,K04,1856,Unknown Program,Unknown,No program description available
full,K05,2535,Research Scientist Award,Research Training and Career Development,"For the support of a research scientist qualified to pursue independent research which would extend the research program of the sponsoring institution, or to direct an essential part of this research program."
full,K06,8,Research Career Awards,Research Training and Career Development,To enable institutions to finance positions favorable to the intellectual growth and research productivity of established investigators of high competence for the duration of their careers.
full,K07,2663,Academic/Teacher Award (ATA),Research Training and Career Development,"To create and encourage a stimulating approach to disease curricula that will attract high quality students, foster academic career development of promising young teacher-investigators, develop and implement excellent multidisciplinary curricula through interchange of ideas and enable the recipient institution to strengthen its existing teaching program."
full,K08,29309,Clinical Investigator Award (CIA),Research Training and Career Development,"To provide the opportunity for promising medical scientists with demonstrated aptitude to develop into independent investigators, or for faculty members to pursue research aspects of categorical areas applicable to the awarding unit, and aid in filling the academic faculty gap in these shortage areas within health profession's institutions of the country."
full,K11,252,Unknown Program,Unknown,No program description available
full,K12,11364,Physician Scientist Award (Program) (PSA),Research Training and Career Development,For support to a newly trained clinician appointed by an institution for development of independent research skills and experience in a fundamental science within the framework of an  interdisciplinary research and development program.
full,K14,13,Minority School Faculty Development Awards,Research Training and Career Development,To encourage the development of faculty investigators at minority schools and to enhance their research capabilities in specified health and health related areas.
full,K15,2,Unknown Program,Unknown,No program description available
full,K16,6,Unknown Program,Unknown,No program description available
full,K18,153,The Career Enhancement Award,Research Training and Career Development,Provides either full-time or part-time support for experienced scientists who wish to broaden their scientific capabilities or to make changes in their research careers by acquiring new research skills or knowledge.  Career enhancement experiences supported by this award should usually last no more than one year.
full,K20,105,Unknown Program,Unknown,No program description available
full,K21,35,Scientist Development Award,Research Training and Career Development,"To foster the development of outstanding scientists with potential for making important contributions to the fields of alcoholism, drug abuse or mental health (ADM) research. Primarily intended to meet the need for supervised research experience for highly promising biological or behavioral scientists who need further supervised research experience."
full,K22,4032,Career Transition Award,Research Training and Career Development,To provide support to outstanding newly trained basic or clinical investigators to develop their independent research skills through a two phase program; an initial period involving and intramural appointment at the NIH and a final period of support at an extramural institution.  The award is intended to facilitate the establishment of a record of independent research by the investigator in order to sustain or promote a successful research career.
full,K23,28740,Mentored Patient-Oriented Research Career Development Award,Research Training and Career Development,"To provide support for the career development of investigators who have made a commitment to focus their research endeavors on patient-oriented research.  This mechanism provides support for a 3 year minimum up to 5 year period of supervised study and research for clinically trained professionals who have the potential to develop into productive, clinical investigators."
full,K24,12531,Midcareer Investigator Award in Patient-Oriented Research,Research Training and Career Development,To provide support for the clinicians to allow them protected time to devote to patient-oriented research and to act as mentors for beginning clinical investigators.  
full,K25,2484,Mentored Quantitative Research Career Development Award,Research Training and Career Development,"To engender and foster such activities by supporting the career development of investigators with quantitative scientific and engineering backgrounds outside of biology or medicine who have made a commitment to focus their research endeavors on behavioral and biomedical research (basic or clinical).  This mechanism is aimed at research-oriented scientists with experience at the level of junior faculty (e.g., early to mid-levels of assistant professor or research assistant professor ranks).  This award provides support for a period of mentored study and research for professionals with such backgrounds who have the potential to integrate their expertise with biomedicine and develop into productive investigators. Examples of quantitative scientific and technical backgrounds outside of biology or medicine considered appropriate for this award include, but are not limited to:  mathematics, statistics, computer science, informatics, physics, chemistry, and engineering. "
full,K26,149,Midcareer Investigator Award in Biomedical and Behavioral Research,Research Training and Career Development,The purpose of the Midcareer Investigator Award in Biomedical and Behavioral Research is to provide grant support for biomedical and behavioral scientists to allow them protected time to devote to their research and mentoring.
full,K30,112,Clinical Research Curriculum Award (CRCA),Research Training and Career Development,"The CRCA is an award to institutions and is intended to stimulate the inclusion of high-quality, multi-disciplinary didactic training as part of the career development of clinical investigators.  This award is intended to support the development of new didactic programs in clinical research at institutions that do not currently offer such programs or, in institutions with existing didactic programs in clinical research to support or expand their programs or to improve the quality of instruction."
full,K43,458,International Research Career Development Award,Research Training and Career Development,"For support of a Low- or Middle-Income Country scientist, committed to research at a Low- or Middle-Income Country institution, in need of career development and additional mentored research experience."
full,K76,372,Emerging Leaders Career Development Award,Research Training and Career Development,To advance the development of physician-scientists prepared to take an active role in addressing both present and future challenges of a global biomedical research enterprise as relevant to their field of expertise.
full,K99,13145,Career Transition Award,Research Training and Career Development,"To support the initial phase of a Career/Research Transition award program that provides 1-2 years of mentored support for highly motivated, advanced postdoctoral research scientists."
full,KL2,7843,Mentored Career Development Award,Research Training and Career Development,"To support newly trained clinicians appointed by an institution for activities related to the development of a successful clinical and translational research career. The award is administratively linked to another project or projects. A KL2 award may only be disaggregated from a U54 application and organizations may not apply for a KL2, Mentored Career Development Award. The KL2 is used in lieu of the K12 for those programs that offer linked awards."
full,KM1,143,Institutional Career Enhancement Awards - Multi-Yr Funding,Research Training and Career Development,"Provides for part time (minimum 25% effort) up to full-time support for medical, scientific, statistics and health care professionals with post-doctoral or equivalent experience selected by an institution, to broaden their research capabilities by acquiring new research skills or knowledge.  Further it provides for curriculum development of new programs to support these same types of individuals.  This is an institutional mentored career program, not an individual program. It is also a multi-year funded institutional mentored career development activity thus ICs need OER prior approval to use the KM1."
full,L30,2931,Loan Repayment Program for Clinical Researchers ,Loan Repayment Programs,To provide for the repayment of the educational loan debt of qualified health professionals involved in clinical research.   Qualified health professionals who contractually agree to conduct qualified clinical research are eligible to apply for this program.
full,L32,90,Loan Repayment Program for Clinical Researchers from Disadvantaged Backgrounds ,Loan Repayment Programs,To provide for the repayment of the educational loan debt of qualified health professionals from disadvantaged backgrounds involved in clinical research. Qualified health professionals from disadvantaged backgrounds who contractually agree to conduct qualified clinical research are eligible to apply for this program.
full,L40,876,Loan Repayment Program for Pediatric Research ,Loan Repayment Programs,"To provide for the repayment of the educational loan debt of qualified health professionals involved in research directly related to diseases, disorders, and other conditions in children. Qualified health professionals who contractually agree to conduct qualified pediatric research are eligible to apply for this program."
full,L50,154,Loan Repayment Program for Contraception and Infertility Research ,Loan Repayment Programs,To provide for the repayment of the educational loan debt of qualified health professionals (including graduate students) who contractually agree to commit to conduct qualified contraception and/or infertility research.
full,L60,768,Loan Repayment Program for Health Disparities Research,Loan Repayment Programs,"To provide for the repayment of the educational loan debt of qualified health professionals involved in minority health and health disparities research, for the purposes of improving minority health and reducing health disparities. Qualified health professionals who contractually agree to conduct qualified minority health disparities research or other health disparities research eligible to apply for this program.   "
full,M01,8480,General Clinical Research Centers Program,,"An award made to an institution solely for the support of a General Clinical Research Center where scientists conduct studies on a wide range of human diseases using the full spectrum of the biomedical sciences.  Costs underwritten by these grants include those for renovation, for operational expenses  such as staff salaries, equipment, and supplies, and for hospitalization.  A General Clinical Research Center is a discrete unit of research beds separated from the general care wards."
full,N01,16742,Unknown Program,Unknown,No program description available
full,N02,111,Unknown Program,Unknown,No program description available
full,N03,218,Unknown Program,Unknown,No program description available
full,N43,14,Unknown Program,Unknown,No program description available
full,N44,4,Unknown Program,Unknown,No program description available
full,OT2,455,Research Project-Other Transaction Award,Other Transactions,"An award other than a procurement contract, grant or cooperative agreement to carry out a specific function, initiative, program, project, or research under an Other Transactions Authority."
full,OT3,308,Unknown Program,Unknown,No program description available
full,P01,116784,Research Program Projects,Research and Development,"For the support of a broadly based, multidisciplinary, often long-term research program which has a specific major objective or a basic theme. A program project generally involves the organized efforts of relatively large groups, members of which are conducting research projects designed to elucidate the various aspects or components of this objective. Each research project is usually under the leadership of an established investigator. The grant can provide support for certain basic resources used by these groups in the program, including clinical components, the sharing of which facilitates the total research effort. A program project is directed toward a range of problems having a central research focus, in contrast to the usually narrower thrust of the traditional research project. Each project supported through this mechanism should contribute or be directly related to the common theme of the total research effort. These scientifically meritorious projects should demonstrate an essential element of unity and interdependence, i.e., a system of research activities and projects directed toward a well-defined research program goal."
full,P02,590,Unknown Program,Unknown,No program description available
full,P06,403,Unknown Program,Unknown,No program description available
full,P07,100,Unknown Program,Unknown,No program description available
full,P10,518,Unknown Program,Unknown,No program description available
full,P11,47,Unknown Program,Unknown,No program description available
full,P13,28,Unknown Program,Unknown,No program description available
full,P15,2,Unknown Program,Unknown,No program description available
full,P16,18,Unknown Program,Unknown,No program description available
full,P17,207,Unknown Program,Unknown,No program description available
full,P18,12,Unknown Program,Unknown,No program description available
full,P20,33096,Exploratory Grants,Research and Development,"To support planning for new programs, expansion or modification of existing resources, and feasibility studies to explore various approaches to the development of interdisciplinary programs that offer potential solutions to problems of special significance to the mission of the NIH.  These exploratory studies may lead to specialized or comprehensive centers."
full,P2C,3945,Resource-Related Research Multi-Component Projects and Centers,Research and Development,To support multi-component research resource projects and centers that will enhance the capability of resources to serve biomedical research. 
full,P30,197564,Center Core Grants,Research and Development,"To support shared resources and facilities for categorical research by a number of investigators from different disciplines who provide a multidisciplinary approach to a joint research effort or from the same discipline who focus on a common research problem.  The core grant is integrated with the center's component projects or program projects, though funded independently from them.  This support, by providing more accessible resources, is expected to assure a greater productivity than from the separate projects and program projects."
full,P40,5359,"Animal (Mammalian and Nonmammalian) Model, and Animal and Biological Material Resource Grants  ",Research and Development,"To develop and support animal (mammalian and nonmammalian) models, or animal or biological materials resources available to all qualified investigators without regard to the scientific disciplines or disease orientations of their research activities or specifically directed to a categorical program.  Nonmammalian resources include nonmammalian vertebrates, invertebrates, cell systems, and nonbiological systems."
full,P41,29335,Biotechnology Resource Grants,Research and Development,To support biotechnology resources available to all qualified investigators without regard to the scientific disciplines or disease orientations of their research activities or specifically directed to a categorical program area.
full,P42,4207,Hazardous Substances Basic Research Grants Program (NIEHS),Research and Development,"To support basic research directed towards understanding and attenuating the public health effects resulting from exposure to hazardous substances, including 1) advanced techniques for detection, assessment and evaluation of the effects on human health of hazardous substances; 2) methods to assess risks to human health presented by hazardous substances; 3) methods and technologies to detect hazardous substances in the environment and 4) basic biological, chemical, and physical methods to reduce the amount and toxicity of hazardous substances. This special program, authorized under Superfund legislation, is for a broadly based, multi-disciplinary research effort which must include biomedical research components and which may include research components related to engineering, hydrogeology, ecology and epidemiology so long as they are linked to basic biomedical science. Each research project is generally under the leadership of an established investigator. The grant can provide support for certain basic resources used by the groups in the program (cores), including an administrative structure for effective coordination."
full,P50,76204,Specialized Center,Research and Development,To support any part of the full range of research and development from very basic to clinical; may involve ancillary supportive activities such as protracted patient care necessary to the primary research or R&D effort.  The spectrum of activities comprises a multidisciplinary attack on a specific disease entity or biomedical problem area.  These grants differ from program project grants in that they are usually developed in response to an announcement of the programmatic needs of an Institute or Division and subsequently receive continuous attention from its staff.  Centers may also serve as regional or national resources for special research purposes.
full,P51,2813,Primate Research Center Grants ,Research and Development,"To support centers which include a multidisciplinary and multi-categorical core research program using primate animals and to maintain a large and varied primate colony which is available to affiliated, collaborative, and visiting investigators for basic and applied biomedical research and training."
full,P60,5420,Comprehensive Center,Research and Development,"To support a multipurpose unit designed to bring together into a common focus divergent but related facilities within a given  community.  It may be based in a university or may involve other locally available resources, such as hospitals, computer facilities, regional centers, and primate colonies.  It may include specialized centers, program projects and projects as integral components.  Regardless of the facilities available to a program, it usually includes the following objectives:  to foster biomedical research and development at both the fundamental and clinical levels; to initiate and expand community education, screening, and counseling programs; and to educate medical and allied health professionals concerning the problems of diagnosis and treatment of a specific disease."
full,PL1,86,Linked Center Core Grant,Research and Development,"To support shared resources and facilities for categorical research by a number of investigators from different disciplines who provide a multidisciplinary approach to a joint research effort or from the same discipline who focus on a common research problem. The core grant is integrated with the center's component projects or program projects, though funded independently from them. This support, by providing more accessible resources, is expected to assure a greater productivity than from the separate projects and program projects. The Linked Center Core Grant is administratively linked to another project or projects. A PL1 award may only be disaggregated from a U54 application and organizations may not apply for a PL1, Linked Center Core Grant. The PL1 is used in lieu of the P30 for those programs that offer linked awards."
full,PN1,57,Concept Development Award,Research and Development,"To support the planning and research activities required to assemble multidisciplinary research teams in order to generate an extensive plan that describes the scientific areas, organization, and operation of a research center. Concept Development Awards are not renewable."
full,PN2,537,Research Development Center ,Research and Development,"To support any part of the full range of research and development from very basic to clinical as well as any educational, administrative, or other activities required in the center. The spectrum of research activities comprises a multidisciplinary approach to promote research primarily in a new or emerging biomedical scientific area. These centers are expected to operate as a networkof centers to promote interactions and resource sharing. Only recipients of the PN1 are eligible to apply for the PN2."
full,R00,17347,Research Transition Award,Research and Development,To support the second phase of a Career/Research Transition award program that provides 1 -3 years of independent research support (R00) contingent on securing an independent research position. Award recipients will be expected to compete successfully for independent R01 support from the NIH during the R00 research transition award period.
full,R01,1221156,Research Project,Research and Development,"To support a discrete, specified, circumscribed project to be performed by the named investigator(s) in an area representing his or her specific interest and competencies."
full,R02,32,Unknown Program,Unknown,No program description available
full,R03,20261,Small Research Grants,Research and Development,To provide research support specifically limited in time and amount for studies in categorical program areas.  Small grants provide flexibility for initiating studies which are generally for preliminary short-term projects and are non-renewable.
full,R07,2,Unknown Program,Unknown,No program description available
full,R09,1,Unknown Program,Unknown,No program description available
full,R10,1761,Unknown Program,Unknown,No program description available
full,R12,26,Unknown Program,Unknown,No program description available
full,R13,2331,Conference,Research and Development,"To support recipient sponsored and directed international, national or regional meetings, conferences and workshops."
full,R15,10313,Research Enhancement Awards,Research and Development,"Supports small-scale research projects at educational institutions that provide baccalaureate or advanced degrees for a significant number of the Nation’s research scientists but that have not been major recipients of NIH support. The goals of the program are to (1) support meritorious research, (2) expose students to research, and (3) strengthen the research environment of the institution. Awards provide limited Direct Costs, plus applicable F&amp;A costs, for periods not to exceed 36 months. This activity code uses multi-year funding authority; however, OER approval is NOT needed prior to an IC using this activity code."
full,R16,25,Research Excellence Award,Research and Development,"Supports small-scale research projects at educational institutions that that enroll significant
numbers of students from backgrounds nationally underrepresented in biomedical research,
award baccalaureate and graduate degrees in biomedical sciences, and receive limited NIH
funding."
full,R18,2319,Research Demonstration and Dissemination Projects,Research and Development,"To provide support designed to develop, test, and evaluate health service activities, and to foster the application of existing knowledge for the control of categorical diseases."
full,R19,2,Unknown Program,Unknown,No program description available
full,R21,76154,Exploratory/Developmental Grants,Research and Development,To encourage the development of new research activities in categorical program areas.  (Support generally is restricted in level of support and in time.)
full,R22,376,Unknown Program,Unknown,No program description available
full,R23,866,Unknown Program,Unknown,No program description available
full,R24,16839,Resource-Related Research Projects,Research and Development,To support research projects that will enhance the capability of resources to serve biomedical research.
full,R25,12780,Education Projects,Research Training and Career Development,"For support to develop and/or implement a program as it relates to a category in one or more of the areas of education, information, training, technical assistance, coordination, or evaluation."
full,R26,226,Unknown Program,Unknown,No program description available
full,R28,213,Resource-Related Research Projects,Research and Development,To support research projects contributing to improvement of the capability of resources to serve clinical research. 
full,R29,10333,Unknown Program,Unknown,No program description available
full,R33,7226,Exploratory/Developmental Grants Phase II,Research and Development,"The R33 award is to provide  a second phase for the support for innovative exploratory and development research activities initiated under the R21 mechanism.  Although only R21 awardees are generally eligible to apply for R33 support, specific program initiatives may establish eligibility criteria under which applications could be accepted from applicants demonstrating progress equivalent to that expected under R33."
full,R34,2200,Planning Grant,Research and Development,"To provide support for the initial development of a clinical trial or research project, including the establishment of the research team; the development of tools for data management and oversight of the research; the development of a trial design or experimental research designs and other essential elements of the study or project, such as the protocol, recruitment strategies, procedure manuals and collection of feasibility data."
full,R35,42389,Outstanding Investigator Award,Research and Development,To provide long term support to an experienced investigator with an outstanding record of research productivity. This support is intended to encourage investigators to embark on long-term projects of unusual potential.
full,R36,463,Dissertation Award,Research Training and Career Development,To support dissertation research costs of students in accredited research doctoral programs in the United States (including Puerto Rico and other U.S. territories or possessions). Dissertation awards are not renewable.
full,R37,44930,Method to Extend Research in Time (MERIT) Award,Research and Development,To provide long-term grant support to investigators whose research competence and productivity are distinctly superior and who are highly likely to continue to perform in an outstanding manner.  Investigators may not apply for a MERIT award.  Program staff and/or members of the cognizant National Advisory Council/Board will identify candidates for the MERIT award during the course of review of competing research grant applications prepared and submitted in accordance with regular PHS requirements.
full,R38,103,Mentored Research Pathway in Residency,Research Training and Career Development,"For support to develop and/or implement an institutional program offering mentored
research in residency."
full,R41,1478,Small Business Technology Transfer (STTR) Grants - Phase I,Small Business,"To support cooperative R&D projects between small business concerns and research institutions, limited in time and amount, to establish the technical merit and feasibility of ideas that have potential for commercialization.  Awards are made to small business concerns only."
full,R42,833,Small Business Technology Transfer (STTR) Grants - Phase II,Small Business,"To support in - depth development of cooperative R&D projects between small business concerns and research institutions, limited in time and amount, whose feasibility has been established in Phase I and that have potential for commercialization.  Awards are made to small business concerns only."
full,R43,3679,Small Business Innovation Research Grants (SBIR) - Phase I,Small Business,"To support projects, limited in time and amount, to establish the technical merit and feasibility of R&D ideas which may ultimately lead to a commercial product(s) or service(s)."
full,R44,3684,Small Business Innovation Research Grants (SBIR) - Phase II,Small Business,To support in - depth development of R&D ideas whose feasibility has been established in Phase I and which are likely to result in commercial products or services.  SBIR Phase II are considered “Fast-Track” and do not require National Council Review.
full,R49,359,Injury Control Research and Demonstration Projects and Injury Prevention Research Centers,,"Provides financial assistance to non-profit and for-profit organizations to conduct research and demonstration projects as well as training programs to develop a comprehensive and integrated approach to injury control. These projects will integrate aspects of the disciplines of engineering, public health, behavioral sciences, medicine, and others in order to prevent and control injuries."
full,R50,888,Research Specialist Award,Research and Development,"The Research Specialist Award is designed to encourage the development of stable research career opportunities for exceptional scientists who want to pursue research within the context of an existing research program, but not serve as Principal Investigators. The Award is intended to provide desirable salaries and sufficient autonomy so that individuals are not solely dependent on grants held by Principal Investigators for career continuity."
full,R55,4418,James A. Shannon Director's Award,Research and Development,"To provide a limited award to investigators to further develop, test, and refine research techniques; perform secondary analysis of available data sets;  test the feasibility of innovative and creative approaches;  and conduct other discrete projects that can  demonstrate their research capabilities and lend additional weight to their already meritorious applications."
full,R56,17663,"High Priority, Short Term Project Award",Research and Development,To provide limited interim research support based on the merit of a pending R01 application while applicant gathers additional data to revise a new or competing renewal application. This grant will underwrite highly meritorious applications that if given the opportunity to revise their application could meet IC recommended standards and would be missed opportunities if not funded. Interim funded ends when the applicant succeeds in obtaining an R01 or other competing award built on the R56 grant. These awards are not renewable.
full,R61,800,Phase 1 Exploratory/Developmental Grant,Research and Development,"As part of a bi-phasic approach to funding exploratory and/or developmental research, the R61 provides support for the first phase of the award. This activity code is used in lieu of the R21 activity code when larger budgets and/or project periods are required to establish feasibility for the project."
full,R90,76,Interdisciplinary Regular Research Training Award ,Research Training and Career Development,"To support comprehensive interdisciplinary research training programs at the undergraduate, predoctoral and/or postdoctoral levels, by capitalizing on the infrastructure of existing multidisciplinary and interdisciplinary research programs.  This Activity Code is for trainees who do not meet the qualifications for NRSA authority."
full,RC1,4042,NIH Challenge Grants and Partnerships Program,Research and Development,NIH Challenge Grants in Health and Science Research 
full,RC2,6947,High Impact Research and Research Infrastructure Programs,Research and Development,"To support high impact ideas that may lay the foundation for new fields of investigation; accelerate breakthroughs; stimulate early and applied research on cutting-edge technologies; foster new approaches to improve the interactions among multi- and interdisciplinary research teams; or, advance the research enterprise in a way that could stimulate future growth and investments and advance public health and health care delivery.  This activity code could support either a specific research question or propose the creation of a unique infrastructure/resource designed to accelerate scientific progress in the future."
full,RC3,4,"Biomedical Research, Development, and Growth to Spur the Acceleration of New Technologies (BRDG-SPAN) Program",Research and Development,"To accelerate the transition of NIH-supported research innovations and technologies toward the development of products or services that will improve human health, through grants that may advance the mission of NIH and its Institutes and Centers (ICs), and create significant value and economic stimulus or, advance the research enterprise in a way that could stimulate future growth and investments and advance public health and health care delivery.  This activity code is intended to support research and development (R&D) specifically targeted at activities that can help address the funding gap between promising R&D and transitioning to the market, often called the “Valley of Death” by contributing the critical funding needed by applicants to pursue the next appropriate milestone(s) toward ultimate commercialization; i.e., to carry out later stage research activities necessary to that end; to foster partnerships among a variety of research and development (R&D) collaborators working toward these aims. Awards are made only to U.S.-owned, for-profit enterprises doing a majority of its business in the United States. RC3 applications may be given funding priority if the applicant organization is associated with an enterprise that is of small size (e.g., 500 or fewer employees), and/or of limited resources, such as an early-stage company, and/or one positioned for receiving funding or in-kind support from a third-party investor and/or strategic partner. The RC3 SPAN program is not intended to support “upstream” R&D for doing feasibility testing of an innovative idea or to conduct early-stage R&D as an extension of such ideas. (Projects such as these should be submitted under the NIH SBIR/STTR programs.)"
full,RC4,1397,High Impact Research and Research Infrastructure Programs—Multi-Yr Funding,Research and Development,"To support multi-year funded research with high impact ideas that may lay the foundation for new fields of investigation; accelerate breakthroughs; stimulate early and applied research on cutting-edge technologies; foster new approaches to improve the interactions among multi- and interdisciplinary research teams; or, advance the research enterprise in a way that could stimulate future growth and investments and advance public health and health care delivery. This activity code could support either a specific research question or propose the creation of a unique infrastructure/resource designed to accelerate scientific progress in the future. It is the multi-year funded companion activity code to the existing RC2; thus ICs need OER prior approval to use the RC4."
full,RF1,8885,Multi-Year Funded Research Project Grant,Research and Development,"To support a discrete, specific, circumscribed project to be performed by the named investigator(s) in an area representing specific interest and competencies based on the mission of the agency, using standard peer review criteria.  This is the multi-year funded equivalent of the R01 but can be used also for multi-year funding of other research project grants such as R03, R21 as appropriate."
full,RL1,452,Linked Research project Grant,Research and Development,"To support a discrete, specified, circumscribed project that is administratively linked to another project or projects, and to be performed by the named investigator(s) in an area representing his or her specific interest and competencies. An RL1 award may only be disaggregated from U54 application and organizations may not apply for an RL1, Linked Research Project Grant. The RL1 activity code is used in Lieu of the R01 for those programs that offer linked awards."
full,RL5,95,Linked Education Project ,Research Training and Career Development,"For support to develop and/or implement a program as it relates to a category in one or more of the areas of education, information, training, technical assistance, coordination, or evaluation.  The grant is administratively linked to another project or projects.  A RL5 award may only be disaggregated from a U54 application and organizations may not apply for an RL5, Linked Education Project.  The RL5 is used in lieu of the R25 for those programs that offer linked awards."
full,RL9,6,Linked Research Training Award,Research Training and Career Development,"To support comprehensive interdisciplinary research training programs at the undergraduate, pre-doctoral and/or postdoctoral levels, by capitalizing on the infrastructure of existing multidisciplinary and interdisciplinary research programs. The RL9 is for trainees who do not meet the qualifications for NRSA authority.  The training program is administratively linked to another project or projects.  An RL9 award may only be disaggregated from a U54 application and organizations may not apply for an RL9, Linked Research Training Award.  The RL9 is used in lieu of the R90 for those programs that offer linked awards."
full,RM1,3977,Research Project with Complex Structure,Research and Development,To support a large-scale research project with a complex structure that cannot be appropriately categorized into an available single component activity code. The performance period may extend up to seven years but only through the established deviation request process.  ICs desiring to use this activity code for programs greater than 5 years must receive OPERA prior approval through the deviation request process.
full,S03,245,Unknown Program,Unknown,No program description available
full,S06,885,Minority Biomedical Research Support - MBRS,Research and Development,"To strengthen the biomedical research and research training capability of ethnic minority institutions, and thus establish a more favorable milieu for increasing the involvement of minority faculty and students in biomedical research."
full,S07,252,Biomedical Research Support Grants,Research and Development,"To strengthen, balance, and stabilize Public Health Service supported biomedical and behavioral research programs at qualifying institutions through flexible funds, awarded on a formula basis, that permit recipient institutions to respond quickly and effectively to emerging needs and opportunities, to enhance creativity and innovation, to support pilot studies, and to improve research resources, both physical and human."
full,S08,11,Unknown Program,Unknown,No program description available
full,S10,19244,Biomedical Research Support Shared Instrumentation Grants ,Research and Development,"To make available to institutions with a high concentration of NIH extramural research awards, research instruments which will be used on a shared basis."
full,S11,59,Minority Biomedical Research Support Thematic Project Grants,Research and Development,To promote increased faculty and interdepartmental collaboration through programs that focus on specific research themes or scientific disciplines at developing minority institutions.  These  grants are intended to strengthen the biomedical research capability in defined areas and to attract other competent biomedical scientists through an improved research environment.
full,S14,2,Unknown Program,Unknown,No program description available
full,S15,73,Small Instrumentation Grants Program,Research and Development,"An institutional award to support the purchase of equipment costing no less than $5,000 and no more than $60,000, to be used by one or more recipients of active NIH research grants."
full,S21,176,Research and Institutional Resources Health Disparities Endowment Grants -Capacity Building,Research and Development,"To strengthen the research and training infrastructure of the institution, while addressing current and emerging needs in minority  health and other health disparities research."
full,SB1,22,Commercialization Readiness Program,Small Business,"To support follow-on awards to small businesses for technology development, testing, evaluation, and commercialization assistance for SBIR or STTR Phase II technologies or for awards to small businesses to support the progress of research, research and development, and commercialization conducted under the SBIR or STTR programs to Phase III."
full,SC1,876,Research Enhancement Award,Research and Development,Individual investigator-initiated research projects aimed at developing researchers at minority-serving institutions (MSIs) to a stage where they can transition successfully to other     s extramural support (R01 or equivalent).
full,SC2,373,Pilot Research Project ,Research and Development,Individual investigator-initiated pilot research projects for faculty at MSIs to generate preliminary data for a more ambitious research project.
full,SC3,338,Research Continuance Award ,Research and Development,Individual investigator-initiated research projects for faculty at MSIs to conduct research of limited scope in environments with limited research infrastructure/facilities.
full,T01,271,Graduate Training Program,Research Training and Career Development,"To assist and extend training of individuals preparing for research and academic careers in fundamental, preclinical, clinical, public health, and other disciplines related to the area of interest of the awarding Institute/Division."
full,T02,2,Undergraduate Training Program,Research Training and Career Development,To assist qualified institutions to improve and expand the training of undergraduate students in disciplines related to an area of interest of the awarding Institute/Division.
full,T03,25,Unknown Program,Unknown,No program description available
full,T12,5,Unknown Program,Unknown,No program description available
full,T15,4375,Continuing Education Training Grants,Research Training and Career Development,"To assist professional schools and other public and nonprofit institutions to establish, expand, or improve programs of continuing professional education, especially for programs of extensive continuation, extension, or refresher education dealing with new developments in the science of technology of the profession."
full,T21,2,Unknown Program,Unknown,No program description available
full,T22,6,Unknown Program,Unknown,No program description available
full,T23,2,Unknown Program,Unknown,No program description available
full,T24,4,Unknown Program,Unknown,No program description available
full,T31,4,Unknown Program,Unknown,No program description available
full,T32,169107,Institutional National Research Service Award,Research Training and Career Development,To enable institutions to make National Research Service Awards to individuals selected by them for predoctoral and postdoctoral research training in specified shortage areas.
full,T34,554,Undergraduate NRSA Institutional Research Training Grants,Research Training and Career Development,"To enhance the undergraduate research training of individuals from groups underrepresented in biomedical, behavioral, clinical and social sciences through Institutional National Research Service Award Training Grants, in preparation for research doctorate degree programs."
full,T35,1435,NRSA Short-Term Research Training,Research Training and Career Development,To provide individuals with research training during off-quarters or summer periods to encourage research careers and/or research in areas of national need.
full,T36,13,Unknown Program,Unknown,No program description available
full,T37,282,Minority International Research Training Grants (FIC),Research Training and Career Development,Institutional training grants awarded to domestic institutions supporting opportunities for biomedical and behavioral research training for minority students and faculty members at foreign sites.
full,T41,3,Unknown Program,Unknown,No program description available
full,T42,567,Educational Resource Center Training Grants,Research Training and Career Development,"To provide assistance to regional centers in developing specialized personnel in the occupational safety and health field with academic training, research training, and continuing education and outreach in industrial hygiene, occupational health nursing, occupational medicine, and occupational safety."
full,T90,559,Interdisciplinary Research Training Award,Research Training and Career Development,"To support comprehensive interdisciplinary research training programs at the undergraduate, predoctoral and/or postdoctoral levels, by capitalizing on the infrastructure of existing multidisciplinary and interdisciplinary research programs."
full,TL1,3333,Linked Training Award,Research Training and Career Development,"To support research training experiences for pre- and post-doctoral trainees who are interested in pursuing research careers in multi-disciplinary clinical and translational science. The training award is administratively linked to another project or projects. A TL1 award may only be disaggregated from a U54 application and organizations may not apply for a TL1, Linked Training Award. The TL1 is used in lieu of the T32 for those programs that offer linked awards."
full,TL4,63,Undergraduate NRSA Institutional Research Training Grants,Research Training and Career Development,"To enhance the undergraduate research training of individuals from groups underrepresented in biomedical, behavioral, clinical and social sciences through Institutional National Research Service Award Training Grants, in preparation for research doctorate degree programs.  This is the linked equivalent of the T34."
full,TU2,8,Institutional National Research Service Award with Involvement of NIH Intramural Faculty,Research Training and Career Development,"The cooperative agreement counterpart to the T32, this award enables institutions to provide research-training experiences for graduate students and postdoctoral scientists in specified shortage areas. In addition, these awards involve identified NIH Intramural Staff who serve as a part of the training faculty and participate in the operation of the training program."
full,U01,113890,Research Project--Cooperative Agreements,Research and Development,"To support a discrete, specified, circumscribed project to be performed by the named investigator(s) in an area representing his or her specific interest and competencies."
full,U02,14,Unknown Program,Unknown,No program description available
full,U10,9195,Cooperative Clinical Research--Cooperative Agreements,,"To support clinical evaluation of various methods of therapy and/or prevention in specific disease areas.  These represent cooperative programs between sponsoring institutions and participating principal investigators, and are usually conducted under established protocols."
full,U13,224,Conference--Cooperative Agreements,Research and Development,"To support international, national or regional meetings, conferences and workshops where substantial programmatic involvement is planned to assist the recipient."
full,U17,62,Applied Methods in Violence-Related or Accidental Injury Surveillance Cooperative Agreements,,"Provides financial assistance to State and territorial health agencies to develop, implement, and/or evaluate new or existing methods and techniques used in accidental-injury and violence-related injury surveillance and /or prevention. Such injuries include violence against women; alcohol or firearm-related injury; bicycle or automobile-occupant injury; fire-related burns; head and spinal cord injury, and others. These methods and techniques are applicable to statewide injury surveillance systems and are replicable in other public health jurisdictions."
full,U18,1212,Research Demonstration--Cooperative Agreements,,"To provide support for testing, by means of a research design, the effectiveness of the transfer and application of techniques or interventions derived from a research base for the control of diseases or disorders or for the promotion of health.  The project should be capable of making conclusions which are generalizable to other sites.  These are usually cooperative programs between participating principal investigators, institutions, and the sponsoring Institute(s)."
full,U19,25743,Research Program--Cooperative Agreements,Research and Development,"To support a research program of multiple projects directed toward a specific major objective, basic theme or program goal, requiring a broadly based, multidisciplinary and often long-term approach. A cooperative agreement research program generally involves the organized efforts of large groups, members of which are conducting research projects designed to elucidate the various aspects of a specific objective. Substantial Federal programmatic staff involvement is intended to assist investigators during performance of the research activities, as defined in the terms and conditions of award. The investigators have primary authorities and responsibilities to define research objectives and approaches, and to plan, conduct, analyze, and publish results, interpretations and conclusions of their studies. Each research project is usually under the leadership of an established investigator in an area representing his/her special interest and competencies. Each project supported through this mechanism should contribute to or be directly related to the common theme of the total research effort. The award can provide support for certain basic shared resources, including clinical components, which facilitate the total research effort. These scientifically meritorious projects should demonstrate an essential element of unity and interdependence."
full,U1B,14,Cooperative Agreement for Research and Surveillance Activities to Reduce the Incidence of HIV/AIDS ,,"In cooperation with State and local public health authorities and other non-profit organizations, to assist in detecting and preventing the further spread of AIDS/HIV through research and active surveillance. "
full,U22,64,HIV/STD Preventive Services for Racial and Minorities,,(Definition not available)
full,U24,36454,Resource-Related Research Projects--Cooperative Agreements,,To support research projects contributing to improvement of the capability of resources to serve biomedical research.
full,U2C,1225,Resource-Related Research Multi-Component Projects and Centers Cooperative Agreements,,"To support multi-component research resource projects and centers that will enhance the capability of resources to serve biomedical research. Substantial federal programmatic staff involvement is intended to assist investigators during performance of the research activities, as defined in the terms and conditions of the award. "
full,U2G,158,Global HIV/AIDS Non-Research Cooperative Agreements,,"In cooperation with other countries, international organizations, and other partners to conduct HIV/AIDS prevention, care and treatment of non-research activities in international countries most heavily affected by the HIV/AIDS epidemic."
full,U2R,213,International Research Training Cooperative Agreements,Research Training and Career Development,Cooperative agreement mechanism for D43 to support research training programs for US and foreign professionals and students to strengthen global health research and international research collaboration.
full,U34,549,Planning Cooperative Agreement,Research and Development,"This cooperative agreement would provide support, substantial Federal programmatic involvement, and technical assistance for the initial development of a clinical trial or research project. Also, it would include the establishment of the research team; the development of tools for data management and oversight of the research; the development of a trial design or experimental research designs and other essential elements of the study or project, such as the protocol, recruitment strategies, and procedure manuals; and to collect feasibility data."
full,U36,78,Program Improvements for Schools of Public Health,,"In cooperation with the Associated Schools of Public Health, to stimulate improvements in the educational programs of schools of public health."
full,U38,194,Uniform National Health Program Reporting System,,"In cooperation with the States to operate a uniform national health program reporting system, which is to provide data for analytical purposes to assist health planners and health program managers in their decision-making processes."
full,U41,14160,Biotechnology Resource Cooperative Agreements,,To support biotechnology resources available to all qualified investigators without regard to the scientific disciplines or disease orientations of their research activities or specifically directed to a categorical program area.
full,U42,771,"Animal (Mammalian and Nonmammalian) Model, and Animal and Biological Materials Resource Cooperative Agreements ",,"To develop and support animal (mammalian and nonmammalian) model, or animal or biological materials resources available to all qualified investigators without regard to the scientific disciplines or disease orientations of their research activities or specifically directed to a categorical program.  Nonmammalian resources include nonmammalian vertebrates, invertebrates, cell systems, and nonbiological systems."
full,U44,2,Small Business Innovation Research (SBIR) Cooperative Agreements  - Phase II,Small Business,To support in-depth development of R&D ideas whose feasibility has been established in Phase I and that are likely to result in commercial products or services.
full,U45,2,Hazardous Waste Worker Health and Safety Training Cooperative Agreements (NIEHS),,"To develop, implement, and evaluate programs to train workers who are or may be engaged in activities related to hazardous waste removal, containment, or emergency response."
full,U47,24,Laboratory/Other Diagnostic Medical Quality Improvement Cooperative Agreements,,"In cooperation with public or private health-related organizations, to establish data collection networks or other methods to increase the effectiveness of primary care physicians in determining the level and impact of problems in laboratory testing, or in other services for diagnosis of health problems, by determining what problems exist; how often problems occur; what impact these problems have on patient care, and what interventions can be developed to improve the disease testing or control process."
full,U48,1423,Health Promotion and Disease Prevention Research Centers,,"In cooperation with schools of public health, medicine, or osteopathy, to establish and maintain interdisciplinary academic centers focused on health issues or themes of national importance and to promote translation of the results of the school’s research into improved public health practice."
full,U49,24,Coop: Injury Control Res. and Demo and Injury Prevention,,"<Long Text>In cooperation with public and private nonprofit and for-profit organizations to conduct research and demonstration projects as well as training programs to develop a comprehensive and integrated approach to injury control. This is to include those directed toward violence toward women, intimate partners, and youth. These projects will integrate aspects of the disciplines of engineering, public health, behavioral sciences, medicine, and others in order to prevent and control injuries."
full,U50,238,Special Cooperative Investigations/Assessment of Control/Prevention Methods,,"In cooperation with State or local government or other health-related organization, to perform special investigations of communicable diseases and other preventable health conditions, or to evaluate special methods of preventing disease or controlling health conditions."
full,U51,124,Health Planning Strategies/National Academy of Sciences Activities,,"Financial support for activities of interest to the Public Health Service, primarily, support for a series of Boards to oversee a variety of health and health administration topics."
full,U52,2,Cooperative Agreement for Tuberculosis Control,,"In cooperation with State and local health departments, to reduce the number of tuberculosis cases by case finding and follow-up of patient compliance with treatment."
full,U54,80129,Specialized Center--Cooperative Agreements,,"To support any part of the full range of research and development from very basic to clinical; may involve ancillary supportive activities such as protracted patient care necessary to the primary research or R&D effort.  The spectrum of activities comprises a multidisciplinary attack on a specific disease entity or biomedical problem area.  These differ from program project in that they are usually developed in response to an announcement of the programmatic needs of an Institute or Division and subsequently receive continuous attention from its staff.  Centers may also serve as regional or national resources for special research purposes, with funding component staff helping to identify appropriate priority needs."
full,U55,12,Core Support For American Council on Transplantation Active,,(Definition not available)
full,U56,194,Exploratory Grants--Cooperative Agreements,,"To support planning for new programs, expansion or modification of existing resources, and feasibility studies to explore various to the development of interdisciplinary programs that offer potential solutions to problems of special significance to the mission of the NIH. These exploratory studies may lead to specialized or comprehensive centers. Substantial Federal programmatic staff involvement is intended to assist investigators during performance of the research activities, as defined in the terms and conditions of award."
full,U58,422,Chronic Disease Control Cooperative Agreement,,In cooperation with State and local public health agencies and other public or private organizations to assist in controlling and preventing chronic diseases. Efforts are directed at the integrated application of surveillance; applied epidemiology; laboratory sciences; evaluation; health education; dynamic and productive relationships; training; and extensive applied management of effective disease control programs.
full,U59,4,Disabilities Prevention Cooperative Agreement Program,,"In cooperation with State and local agencies or private organizations, to conduct and evaluate interventions to prevent disabilities and to support demonstration and epidemiology programs for States in building capacity to coordinate disability prevention activities."
full,U60,90,"Cooperative Agreements in Occupational Safety and Health Research, Demonstrations, Evaluation and Education Research, Demonstrations, Evaluation and Education",,"In cooperation with universities or other eligible recipients, to investigate the underlying characteristics and causes of occupational safety and health problems; to eliminate or control factors in the work environment which are harmful to the health and/or safety of workers, or to demonstrate effective solutions for occupational safety and health problems."
full,U61,2,Preventive Health Activities Regarding Hazardous Substances,,"In cooperation with State and local health authorities, to provide programs and activities designed to protect the public from exposure to hazardous substances, and to protect the worker from hazards associated with hazardous waste removal or other remedial response actions."
full,U62,91,Prevention/Surveillance Activities/Studies of AIDS,,"In cooperation with the State and local public health authorities and other non-profit organizations, to assist in detecting and preventing the further spread of AIDS through active surveillance and epidemiologic investigation, sero-prevalence surveys, laboratory services, public information campaigns, health education and risk reduction activities, and counseling, testing and partner notification."
full,U65,6,"Minority/Other Community-based HIV Prevention Project, Cooperative Agreements",,"In cooperation with non-profit organizations based in communities most heavily affected by the HIV epidemic, to assist in achieving a reduction of the risk of HIV transmission through education programs."
full,U66,17,Immunization Demonstration Projects Cooperative Agreements,,"Provides financial assistance to State and local health agencies and other public and non-profit entities for (1) assessment of projects to develop methods/strategies to effectively assess preschool-age immunization protection at the State or county level and/or (2) intervention projects to develop innovative ways to successfully identify and vaccinate preschool-age children living in inner-city, high-disease morbidity areas."
full,U76,2,Unknown Program,Unknown,No program description available
full,U79,6,Mental Health and/or Substance Abuse Services Cooperative Agreements,,To support the provision of mental health and/or substance abuse prevention and treatment services. These are cooperative programs between participating principal investigators. Organizations and sponsoring Centers and where substantial programmatic involvement is planned to assist the recipient.
full,U81,4,Injury Community Demonstration Projects: Evaluation of Youth Violence Prevention Program,,"In cooperation with qualified recipients to design, implement, and determine the effectiveness of multifaceted, community-based youth violence prevention programs in reducing the incidence of interpersonal violent behavior and associated injuries and deaths."
full,U87,15,State Demonstration:  Comprehensive School Health Program to Prevent Sexual Behaviors that Result in HIV Infection and to Improve Educational Outcome,,"In cooperation with State education agencies of the States with specified high total mortality rates, to strengthen the capacity of those States to plan, implement, and evaluate effective comprehensive school health programs to prevent sexual behaviors that result in HIV infection. This program is a companion to U86"
full,U95,6,Unknown Program,Unknown,No program description available
full,UA1,4,AIDS Research Project Cooperative Agreement,,"In cooperation with a named investigator, to support a discrete, specified, circumscribed project on Acquired Immune Deficiency Syndrome in an area representing the investigator's specific interest and competencies."
full,UC1,69,NIH Challenge Grants and Partnerships Program - Phase II-Coop.Agreement,,"To promote the implementation of joint ventures between the NIH and both domestic and global entities to facilitate rapid implementation of R&D in biomedical or biotechnology projects for infectious diseases that benefit public health and have a commercial potential that otherwise could not have been attained without matching funds. <br><br>
Essential elements of recipient responsibility would include: 1) interim research and development of target goals upon whose achievement funds would be incrementally released to the awardee; 2) a single principle investigator who would be scientifically and administratively responsible for the project's research and development, and 3) a single applicant organization that would be legally and financially responsible for the funds awarded."
full,UC2,260,High Impact Research and Research Infrastructure Cooperative Agreement Programs,Research and Development,"To support high impact ideas through cooperative agreements that that may lay the foundation for new fields of investigation; accelerate breakthroughs; stimulate early and applied research on cutting-edge technologies; foster new approaches to improve the interactions among multi- and interdisciplinary research teams; or, advance the research enterprise in a way that could stimulate future growth and investments and advance public health and health care delivery.  This activity code could support either a specific research question or propose the creation of a unique infrastructure/resource designed to accelerate scientific progress in the future. This is the cooperative agreement companion to the RC2."
full,UC4,1330,High Impact Research and Research Infrastructure Cooperative Agreement Programs—Multi-Yr Funding ,,"To support multi-year funded cooperative agreement research with high impact ideas that may lay the foundation for new fields of investigation; accelerate breakthroughs; stimulate early and applied research on cutting-edge technologies; foster new approaches to improve the interactions among multi- and interdisciplinary research teams; or, advance the research enterprise in a way that could stimulate future growth and investments and advance public health and health care delivery. This activity code could support either a specific research question or propose the creation of a unique infrastructure/resource designed to accelerate scientific progress in the future. It is the cooperative agreement companion to the RC4.  It is also the multi-year funded companion to the existing UC2; thus ICs need OER prior approval to use the UC4."
full,UC6,76,Construction Cooperative Agreement,Construction and Modernization,"To provide financial support, substantial programmatic involvement and technical assistance for designing, constructing and commissioning of laboratories to be used as extramural facilities for bio-defense and emerging infectious diseases research."
full,UC7,82,Biocontainment Laboratory Operation Cooperative Agreement,,"To support core and shared resources for biocontainment laboratories enabling them to develop and maintain the research resources and facilities needed to meet national, regional and local biodefense and emerging infectious diseases research needs. This support, by providing more accessible resources, is expected to assure greater productivity at biocontainment laboratories."
full,UD1,2,Mental Health and/or Substance Abuse KD&A Cooperative Agreements,,"To provide support to develop new knowledge about ways to improve the prevention and/or treatment of substance abuse and/or mental illness, and to work with State and local governments as well as providers, families, and consumers to apply that knowledge effectively in everyday practice. Outcome measures are the heart and core of the KD&As, do not provide operating funds for service programs, except as required by the knowledge development activity."
full,UD2,24,Unknown Program,Unknown,No program description available
full,UE1,16,Studies of Environmental Hazards and Health Effects,,"Studies ways to prevent or control health problems associated with exposure to air pollution, radiation, and other toxicants, as well as health problems resulting from natural, technological or terrorist disasters."
full,UE2,18,Emergency and Environmental Health Services,,"Provide national and international leadership for coordinating, delivering, and evaluating emergency and environmental public health services."
full,UE5,1,Education Projects - Cooperative Agreements,Research Training and Career Development,"For support to develop and/or implement a program as it relates to a category in one or more of the areas of education, information, training, technical assistance, coordination, or evaluation."
full,UF1,151,Multi-Year Funded Research Project Cooperative Agreement,Research and Development,"To support a discrete, specific, circumscribed project to be performed by the named investigator(s) in an area representing specific interest and competencies based on the mission of the agency, using standard peer review criteria.  This is the multi-year funded equivalent of the U01 but can be used also for multi-year funding of other research project cooperative agreements such as UM1 as appropriate."
full,UG1,8662,Clinical Research Cooperative Agreements - Single Project,,"To support single project applications conducting clinical evaluation of various methods of therapy and/or prevention (in specific disease areas).  Substantial federal programmatic staff involvement is intended to assist investigators during performance of the research activities, as defined in the terms and conditions of the award. NOTE: The UG1 is the single-component companion to the U10 which is used for multi-project applications only.  "
full,UG3,1280,Phase 1 Exploratory/Developmental Cooperative Agreement,Research and Development,"As part of a bi-phasic approach to funding exploratory and/or developmental research, the UG3 provides support for the first phase of the award. This activity code is used in lieu of the UH2 activity code when larger budgets and/or project periods are required to establish feasibility for the project."
full,UG4,14,National Network of Libraries of Medicine,,"Multicomponent cooperative agreements are awarded to medical libraries to enable them to serve as regional medical libraries for their geographical areas. The purpose of the program is to develop a national system of regional medical libraries, each of which would have sufficient facilities to supplement the services of other medical libraries in its region."
full,UH1,24,HBCU Research Scientist Award,,To assist HBCUs in strengthening and augmenting their human resources by recruiting an established research scientist; to enhance the career of the recruited research scientist; and to strengthen other HBCU resources for the conduct of biomedical and/or behavioral research.  The recruited research scientist must have received competitive and independent research support.
full,UH2,2268,Exploratory/Developmental Cooperative Agreement Phase I,Research and Development,To support the development of new research activities in categorical program areas. (Support generally is restricted in level of support and in time.)
full,UH3,2682,Exploratory/Developmental Cooperative Agreement Phase II,Research and Development,"The UH3 award is to provide a second phase for the support for innovative exploratory and development research activities initiated under the UH2 mechanism. Although only UH2 awardees are generally eligible to apply for UH3 support, specific program initiatives may establish eligibility criteria under which applications could be accepted from applicants demonstrating progress equivalent to that expected under UH2."
full,UL1,57845,Linked Specialized Center Cooperative Agreement,,"To support clinical and translational research. The UL1 administratively linked to another project or projects. AUL1 award may only be disaggregated from a U54 application and organizations may not apply for a UL1, Linked Specialized Center Cooperative Agreement. The UL 1 activity code is used in lieu of the U54 for those programs that offer linked awards."
full,UM1,12008,Research Project with Complex Structure Cooperative Agreement,Research and Development,"To support cooperative agreements involving large-scale research activities with complicated structures that cannot be appropriately categorized into an available single component activity code, e.g. clinical networks, research programs or consortium.  The components represent a variety of supporting functions and are not independent of each component.  Substantial federal programmatic staff involvement is intended to assist investigators during performance of the research activities, as defined in the terms and conditions of the award.  The performance period may extend up to seven years but only through the established deviation request process.  ICs desiring to use this activity code for programs greater than 5 years must receive OPERA prior approval through the deviation request process."
full,UM2,40,Program Project or Center with Complex Structure Cooperative Agreement,Research and Development,"To support cooperative agreements involving program projects or centers with complicated structures that cannot be appropriately categorized into an available multicomponent activity code, e.g. clinical networks, research programs or consortiums.  At least one component must be UM1-like, supporting a variety of functions that are dependent on each other and cannot be separated into distinct components.  Substantial federal programmatic staff involvement is intended to assist investigators during performance of the research activities, as defined in the terms and conditions of the award.  The performance period may extend up to seven years but only through the established deviation request process."
full,UR3,16,Unknown Program,Unknown,No program description available
full,UR6,8,Prevention Intervention Research on Substance Abuse in Children Cooperative Agreements,,"In cooperation with public and private nonprofit and for-profit organizations, to support research to determine the most effective interventions to change the developmental course of early predictor markers for substance abuse in children at several defined developmental stages."
full,UT2,20,Small Business Technology Transfer (STTR) – Cooperative Agreements - Phase II,Small Business,"To support in-depth development of cooperative research and development projects between small business concerns and research institutions, limited in time and amount, whose feasibility has been established in Phase I and that have potential for commercialization."
full,Z01,21818,Unknown Program,Unknown,No program description available
full,Z02,10,Unknown Program,Unknown,No program description available
full,ZIA,92858,Unknown Program,Unknown,No program description available
full,ZIB,554,Unknown Program,Unknown,No program description available
full,ZIC,4705,Unknown Program,Unknown,No program description available
full,ZID,686,Unknown Program,Unknown,No program description available
full,ZIE,433,Unknown Program,Unknown,No program description available
full,ZIF,6,Unknown Program,Unknown,No program description available
full,ZIG,318,Unknown Program,Unknown,No program description available
full,ZIH,7603,Unknown Program,Unknown,No program description available
full,ZIJ,8,Unknown Program,Unknown,No program description available
full,ZIN,32,Unknown Program,Unknown,No program description available
